{"cameraMode":{"drawMode":0,"name":"Shaded","section":"Shading Mode"},"sceneLighting":true,"audioPlay":false,"sceneViewState":{"showFog":true,"showMaterialUpdate":false,"showSkybox":true,"showFlares":true,"showImageEffects":true,"showParticleSystems":true},"in2DMode":false,"pivot":{"x":969.4149780273438,"y":538.7013549804688,"z":144.6999969482422},"rotation":{"x":0.46170151233673098,"y":-0.07567550241947174,"z":0.039584919810295108,"w":0.8829408884048462},"size":1540.5513916015625,"orthographic":false}