{"cameraMode":{"drawMode":0,"name":"Shaded","section":"Shading Mode"},"sceneLighting":false,"audioPlay":false,"sceneViewState":{"showFog":true,"showMaterialUpdate":false,"showSkybox":false,"showFlares":true,"showImageEffects":true,"showParticleSystems":true},"in2DMode":false,"pivot":{"x":3.2324514389038088,"y":0.31487441062927248,"z":44.686737060546878},"rotation":{"x":0.12482918798923493,"y":-0.060949258506298068,"z":0.00798315741121769,"w":0.9903877377510071},"size":125.47174072265625,"orthographic":true}