{"cameraMode":{"drawMode":0,"name":"Shaded","section":"Shading Mode"},"sceneLighting":false,"audioPlay":false,"sceneViewState":{"showFog":true,"showMaterialUpdate":false,"showSkybox":false,"showFlares":true,"showImageEffects":true,"showParticleSystems":true},"in2DMode":false,"pivot":{"x":0.23622512817382813,"y":43.55134582519531,"z":-20.38838768005371},"rotation":{"x":0.05680134892463684,"y":-0.9358914494514465,"z":0.2982069253921509,"w":0.17941220104694367},"size":191.9993896484375,"orthographic":true}