{"cameraMode":{"drawMode":0,"name":"Shaded","section":"Shading Mode"},"sceneLighting":false,"audioPlay":false,"sceneViewState":{"showFog":true,"showMaterialUpdate":false,"showSkybox":false,"showFlares":true,"showImageEffects":true,"showParticleSystems":true},"in2DMode":false,"pivot":{"x":1.1920928955078126e-7,"y":0.5109996795654297,"z":-2.980232238769531e-7},"rotation":{"x":0.2696281969547272,"y":-0.37689754366874697,"z":0.1160820722579956,"w":0.8786796927452087},"size":5.896872043609619,"orthographic":true}