{"cameraMode":{"drawMode":0,"name":"Shaded","section":"Shading Mode"},"sceneLighting":false,"audioPlay":false,"sceneViewState":{"showFog":true,"showMaterialUpdate":false,"showSkybox":false,"showFlares":true,"showImageEffects":true,"showParticleSystems":true},"in2DMode":false,"pivot":{"x":0.5464999675750732,"y":4.60099983215332,"z":4.150000095367432},"rotation":{"x":-0.2881326675415039,"y":0.08251330256462097,"z":-0.02532583475112915,"w":-0.9538288712501526},"size":3.8134682178497316,"orthographic":true}